<ImportExportXml xmlns:xsi="http://www.w3.org/2001/XMLSchema-instance">
  <Entities>
    <Entity>
      <Name LocalizedName="Opportunity" OriginalName="Opportunity">Opportunity</Name>
      <RibbonDiffXml>
        <CustomActions>
          <CustomAction Id="new.opportunity.Button2.Button.CustomAction" Location="Mscrm.HomepageGrid.opportunity.MainTab.Management.Controls._children" Sequence="55">
            <CommandUIDefinition>
              <Button Command="new.opportunity.Command0.Command" Id="new.opportunity.Button2.Button" LabelText="$LocLabels:new.opportunity.Button2.Button.LabelText" Sequence="55" TemplateAlias="o2" />
            </CommandUIDefinition>
          </CustomAction>
        </CustomActions>
        <Templates>
          <RibbonTemplates Id="Mscrm.Templates"></RibbonTemplates>
        </Templates>
        <CommandDefinitions>
          <CommandDefinition Id="new.opportunity.Command0.Command">
            <EnableRules />
            <DisplayRules />
            <Actions>
              <JavaScriptFunction FunctionName="openOppHtmlPage" Library="$webresource:new_SimpleOpportuinityCreateScript.js" />
            </Actions>
          </CommandDefinition>
        </CommandDefinitions>
        <RuleDefinitions>
          <TabDisplayRules />
          <DisplayRules>
            <DisplayRule Id="new.opportunity.DisplayRule0.DisplayRule">
              <CrmClientTypeRule Type="Web" Default="true" InvertResult="false" />
            </DisplayRule>
          </DisplayRules>
          <EnableRules>
            <EnableRule Id="new.opportunity.EnableRule0.EnableRule">
              <CrmClientTypeRule Type="Web" Default="true" InvertResult="false" />
            </EnableRule>
          </EnableRules>
        </RuleDefinitions>
        <LocLabels>
          <LocLabel Id="new.opportunity.Button2.Button.LabelText">
            <Titles>
              <Title description="Opp Wizard" languagecode="1033" />
            </Titles>
          </LocLabel>
        </LocLabels>
      </RibbonDiffXml>
    </Entity>
  </Entities>
  <Roles></Roles>
  <Workflows></Workflows>
  <FieldSecurityProfiles></FieldSecurityProfiles>
  <Templates />
  <RibbonDiffXml>
    <CustomActions />
    <Templates>
      <RibbonTemplates Id="Mscrm.Templates"></RibbonTemplates>
    </Templates>
    <CommandDefinitions />
    <RuleDefinitions>
      <TabDisplayRules />
      <DisplayRules />
      <EnableRules />
    </RuleDefinitions>
    <LocLabels />
  </RibbonDiffXml>
  <EntityMaps>
    <EntityMap>
      <EntitySource>lead</EntitySource>
      <EntityTarget>opportunity</EntityTarget>
      <AttributeMaps>
        <AttributeMap>
          <AttributeSource>estimatedamount</AttributeSource>
          <AttributeTarget>estimatedvalue</AttributeTarget>
        </AttributeMap>
      </AttributeMaps>
    </EntityMap>
  </EntityMaps>
  <EntityRelationships />
  <OrganizationSettings />
  <optionsets />
  <WebResources>
    <WebResource>
      <WebResourceId>{52e98173-3b13-eb11-a813-000d3a8db680}</WebResourceId>
      <Name>new_SimpleOpportunityCreate</Name>
      <DisplayName>SimpleOpportunityCreate</DisplayName>
      <WebResourceType>1</WebResourceType>
      <IntroducedVersion>1.0.0.0</IntroducedVersion>
      <IsEnabledForMobileClient>0</IsEnabledForMobileClient>
      <IsAvailableForMobileOffline>0</IsAvailableForMobileOffline>
      <DependencyXml>&lt;Dependencies&gt;&lt;Dependency componentType="WebResource"/&gt;&lt;/Dependencies&gt;</DependencyXml>
      <IsCustomizable>1</IsCustomizable>
      <CanBeDeleted>1</CanBeDeleted>
      <IsHidden>0</IsHidden>
      <FileName>/WebResources/new_SimpleOpportunityCreate52E98173-3B13-EB11-A813-000D3A8DB680</FileName>
    </WebResource>
    <WebResource>
      <WebResourceId>{74de2bdb-3f13-eb11-a813-000d3a8db680}</WebResourceId>
      <Name>new_SimpleOpportuinityCreateScript.js</Name>
      <DisplayName>SimpleOpportuinityCreateScript.js</DisplayName>
      <WebResourceType>3</WebResourceType>
      <IntroducedVersion>1.0.0.0</IntroducedVersion>
      <IsEnabledForMobileClient>0</IsEnabledForMobileClient>
      <IsAvailableForMobileOffline>0</IsAvailableForMobileOffline>
      <DependencyXml>&lt;Dependencies&gt;&lt;Dependency componentType="WebResource"/&gt;&lt;/Dependencies&gt;</DependencyXml>
      <IsCustomizable>1</IsCustomizable>
      <CanBeDeleted>1</CanBeDeleted>
      <IsHidden>0</IsHidden>
      <FileName>/WebResources/new_SimpleOpportuinityCreateScriptjs74DE2BDB-3F13-EB11-A813-000D3A8DB680</FileName>
    </WebResource>
    <WebResource>
      <WebResourceId>{40b1a1f3-c417-eb11-a813-000d3a8db680}</WebResourceId>
      <Name>new_AppInsightsSnippet.js</Name>
      <WebResourceType>3</WebResourceType>
      <IntroducedVersion>1.0.0.0</IntroducedVersion>
      <IsEnabledForMobileClient>0</IsEnabledForMobileClient>
      <IsAvailableForMobileOffline>0</IsAvailableForMobileOffline>
      <DependencyXml>&lt;Dependencies&gt;&lt;Dependency componentType="WebResource"/&gt;&lt;/Dependencies&gt;</DependencyXml>
      <IsCustomizable>1</IsCustomizable>
      <CanBeDeleted>1</CanBeDeleted>
      <IsHidden>0</IsHidden>
      <FileName>/WebResources/new_AppInsightsSnippetjs40B1A1F3-C417-EB11-A813-000D3A8DB680</FileName>
    </WebResource>
  </WebResources>
  <CustomControls />
  <EntityDataProviders />
  <Languages>
    <Language>1033</Language>
    <Language>1025</Language>
  </Languages>
</ImportExportXml>